,DBScan,ourKMeans,bisectingKmeans,kMeansPP,fcm
davies_bouldin_score,1.645307096296513,1.2912800732227139,1.6384335707813416,1.2674410161525989,1.9897082678803577
adjusted_rand_score,0.5334143359424047,0.5152953899992043,0.26333020924085554,0.5308896801156701,0.17331250155425618
completeness_score,0.7478815809769734,0.6973522904198001,0.553659694863665,0.6978522809785911,0.5218726089663195
purity_score,0.6813136826783115,0.6552037845705968,0.3999272197962154,0.7060589519650655,0.2993995633187773
