,DBScan,ourKMeans,bisectingKmeans,kMeansPP,fcm
davies_bouldin_score,1.482273875306908,1.6978337673202604,1.9425782767949298,1.5850307124279346,1.9552785491121019
adjusted_rand_score,-0.03058656091752043,6.584769171936371e-05,-0.019299166558582524,0.008838072807711893,-0.04589310439329334
completeness_score,0.04216994313671678,0.04969049180218862,0.027271244143287104,0.0466697125325882,0.05347043659831088
purity_score,0.7615372015887966,0.7607182343065395,0.7607182343065395,0.7607182343065395,0.7607182343065395
