,DBScan,ourKMeans,bisectingKmeans,kMeansPP,fcm
davies_bouldin_score,2.3493846369159472,2.07819428066356,2.0477560896213736,2.1273988462437963,2.854164251004374
adjusted_rand_score,0.5183893834408687,0.22404043256915088,0.35471310348662405,0.4019898687814456,0.3497331012969713
completeness_score,0.36524809246436607,0.2479368059705094,0.2743950900790022,0.3239938798501758,0.2831369243021835
purity_score,0.8804597701149425,0.9471264367816092,0.9448275862068966,0.9218390804597701,0.8850574712643678
